{"info":{"_postman_id":"5417db09-d4fb-4998-a23b-a6864b1da78d","name":"Auth","schema":"https://schema.getpostman.com/json/collection/v2.1.0/collection.json"},"item":[{"name":"Login","id":"3d10ed41-c15c-4d42-81bb-adebe5e5b04a","protocolProfileBehavior":{"disableBodyPruning":true},"request":{"method":"POST","header":[],"body":{"mode":"raw","raw":"{\n    \"username\":\"invoice\",\n    \"password\":\"password\"\n}","options":{"raw":{"language":"json"}}},"url":{"raw":"{{baseUrl}}/api/v1/users/auth","host":["{{baseUrl}}"],"path":["api","v1","users","auth"]}},"response":[]},{"name":"Refresh","id":"cd21360d-fd79-47e2-94a7-6c61fdcf07f2","protocolProfileBehavior":{"disableBodyPruning":true},"request":{"method":"POST","header":[],"body":{"mode":"raw","raw":"{\n    \"refreshToken\":\"eyJhbGciOiJIUzI1NiIsInR5cCI6IkpXVCJ9.eyJleHAiOjE3MjQ0MTYxNjksIlVzZXJJRCI6MSwiVXNlcm5hbWUiOiJpbnZvaWNlIn0.84RtfnZUiOLVrO93hhDBiy2TdFI6actmXPkvnhIGIao\"\n}","options":{"raw":{"language":"json"}}},"url":{"raw":"{{baseUrl}}/api/v1/users/refresh","host":["{{baseUrl}}"],"path":["api","v1","users","refresh"]}},"response":[]},{"name":"CreateUser","id":"1cf710b6-4711-4763-94ab-b29aa36f4320","protocolProfileBehavior":{"disableBodyPruning":true},"request":{"method":"POST","header":[],"body":{"mode":"raw","raw":"{\n    \"username\":\"invoice\",\n    \"password\":\"password\"\n}","options":{"raw":{"language":"json"}}},"url":{"raw":"{{baseUrl}}/api/v1/users","host":["{{baseUrl}}"],"path":["api","v1","users"]}},"response":[]},{"name":"UpdateUser","id":"757a672c-85fb-435f-9c84-f5722fcbec43","protocolProfileBehavior":{"disableBodyPruning":true},"request":{"method":"PUT","header":[],"body":{"mode":"raw","raw":"{\n    \"password\":\"password\"\n}","options":{"raw":{"language":"json"}}},"url":{"raw":"{{baseUrl}}/api/v1/users/me","host":["{{baseUrl}}"],"path":["api","v1","users","me"]}},"response":[]}]}