{"info":{"_postman_id":"acaaea85-0b16-43cd-9418-ae3bfa8a4e8c","name":"Product","schema":"https://schema.getpostman.com/json/collection/v2.1.0/collection.json"},"item":[{"name":"Get","id":"4a8e3139-b414-4ccb-ad15-3273d9b05a2e","protocolProfileBehavior":{"disableBodyPruning":true},"request":{"method":"GET","header":[],"body":{"mode":"raw","raw":"{\n    \"name\":\"My Product\",\n    \"quantity\":20,\n    \"price\":25.5,\n    \"barcode\":\"he112344lo\",\n    \"supplierId\":1\n}","options":{"raw":{"language":"json"}}},"url":{"raw":"{{baseUrl}}/api/v1/products/1","host":["{{baseUrl}}"],"path":["api","v1","products","1"]}},"response":[]},{"name":"Create","id":"b4d51e19-626d-4409-9441-e32c8dec2d2a","protocolProfileBehavior":{"disableBodyPruning":true},"request":{"method":"POST","header":[],"body":{"mode":"raw","raw":"{\n    \"name\":\"My Product\",\n    \"quantity\":20,\n    \"price\":25.5,\n    \"barcode\":\"he112344lo\",\n    \"supplierId\":1\n}","options":{"raw":{"language":"json"}}},"url":{"raw":"{{baseUrl}}/api/v1/products","host":["{{baseUrl}}"],"path":["api","v1","products"]}},"response":[]},{"name":"Update","id":"de008fb7-587b-4318-9d8f-b9345626b34f","protocolProfileBehavior":{"disableBodyPruning":true},"request":{"method":"PUT","header":[],"body":{"mode":"raw","raw":"{\n    \"name\":\"My Product Updated\"\n}","options":{"raw":{"language":"json"}}},"url":{"raw":"{{baseUrl}}/api/v1/products/1","host":["{{baseUrl}}"],"path":["api","v1","products","1"]}},"response":[]},{"name":"Delete","id":"1987133a-a9b3-4284-8e77-7850eb5b3a73","protocolProfileBehavior":{"disableBodyPruning":true},"request":{"method":"DELETE","header":[],"body":{"mode":"raw","raw":"{\n    \"name\":\"My Product\",\n    \"quantity\":20,\n    \"price\":25.5,\n    \"barcode\":\"he112344lo\",\n    \"supplierId\":1\n}","options":{"raw":{"language":"json"}}},"url":{"raw":"{{baseUrl}}/api/v1/products/1","host":["{{baseUrl}}"],"path":["api","v1","products","1"]}},"response":[]},{"name":"UploadImage","id":"af3bb9e4-b441-4cda-9d56-358009a37433","protocolProfileBehavior":{"disableBodyPruning":true},"request":{"method":"POST","header":[],"body":{"mode":"formdata","formdata":[{"key":"images[]","type":"file","src":"/home/mrprogrammez/Desktop/martin.jpeg"}]},"url":{"raw":"{{baseUrl}}/api/v1/products/40/image","host":["{{baseUrl}}"],"path":["api","v1","products","40","image"]}},"response":[]}]}