{"info":{"_postman_id":"740a6dca-a4dc-4b76-8e4c-80eca85fa0aa","name":"Supplier","schema":"https://schema.getpostman.com/json/collection/v2.1.0/collection.json"},"item":[{"name":"Get","id":"0f6c0078-a8c7-4ce4-8106-778fce0f3e42","protocolProfileBehavior":{"disableBodyPruning":true},"request":{"method":"GET","header":[]},"response":[]},{"name":"Create","id":"3b3476f7-a5ec-4ac5-bc34-85afc233d06c","protocolProfileBehavior":{"disableBodyPruning":true},"request":{"method":"POST","header":[],"body":{"mode":"raw","raw":"\n    {\n    \"name\":\"IQ-Group\",\n    \"phone\":\"7701111112\"\n}\n","options":{"raw":{"language":"json"}}},"url":{"raw":"{{baseUrl}}/api/v1/suppliers","host":["{{baseUrl}}"],"path":["api","v1","suppliers"]}},"response":[]},{"name":"Update","id":"ea71c5fd-f22a-4a1e-bf96-895815d582e3","protocolProfileBehavior":{"disableBodyPruning":true},"request":{"method":"PUT","header":[],"body":{"mode":"raw","raw":"{\n    \"name\":\"IQ-Group\"\n}","options":{"raw":{"language":"json"}}},"url":{"raw":"{{baseUrl}}/api/v1/suppliers/1","host":["{{baseUrl}}"],"path":["api","v1","suppliers","1"]}},"response":[]},{"name":"Delete","id":"d0b11f84-4694-411e-be16-2def02da0c4b","protocolProfileBehavior":{"disableBodyPruning":true},"request":{"method":"DELETE","header":[]},"response":[]}]}