{"info":{"_postman_id":"b2382764-64e0-4648-8b01-aae3ef9e6de2","name":"Customer","schema":"https://schema.getpostman.com/json/collection/v2.1.0/collection.json"},"item":[{"name":"Get","id":"6b2b9bce-bc99-440d-958d-b2687fd8ae4d","protocolProfileBehavior":{"disableBodyPruning":true},"request":{"method":"GET","header":[],"url":{"raw":"{{baseUrl}}/api/v1/customers/1","host":["{{baseUrl}}"],"path":["api","v1","customers","1"]}},"response":[]},{"name":"Create","id":"4b4c26a6-21a8-4994-bc3b-40a52f7b60a1","protocolProfileBehavior":{"disableBodyPruning":true},"request":{"method":"POST","header":[],"body":{"mode":"raw","raw":"{\n    \"firstName\":\"customer\",\n    \"lastName\":\"customer\",\n    \"address\":\"My home town\",\n    \"phone\":\"771111111\",\n    \"balance\":300\n}","options":{"raw":{"language":"json"}}},"url":{"raw":"{{baseUrl}}/api/v1/customers","host":["{{baseUrl}}"],"path":["api","v1","customers"]}},"response":[]},{"name":"Update","id":"d7e8bc55-93d3-4eb0-968d-2144f841c06e","protocolProfileBehavior":{"disableBodyPruning":true},"request":{"method":"PUT","header":[],"body":{"mode":"raw","raw":"{\n    \"firstName\":\"MrInvoice\"\n}","options":{"raw":{"language":"json"}}},"url":{"raw":"{{baseUrl}}/api/v1/customers/1","host":["{{baseUrl}}"],"path":["api","v1","customers","1"]}},"response":[]},{"name":"Delete","id":"9a858929-e4c3-4a82-8092-9c2c3cbb7f54","protocolProfileBehavior":{"disableBodyPruning":true},"request":{"method":"DELETE","header":[],"url":{"raw":"{{baseUrl}}/api/v1/customers/4","host":["{{baseUrl}}"],"path":["api","v1","customers","4"]}},"response":[]}],"auth":{"type":"inherit"},"event":[{"listen":"prerequest","script":{"id":"f677d40b-11aa-4cba-8470-b6cf933c113d","type":"text/javascript","packages":{},"exec":[""]}},{"listen":"test","script":{"id":"3a4175d6-1b4d-4b0d-b88c-12c2a7651fdf","type":"text/javascript","packages":{},"exec":[""]}}]}