{"info":{"_postman_id":"cfefc018-d7f3-4acb-954e-bfd36afe9e1e","name":"Invoice","schema":"https://schema.getpostman.com/json/collection/v2.1.0/collection.json"},"item":[{"name":"Get","id":"0d9b1eac-26f2-462c-aa45-cf57f41b4f47","protocolProfileBehavior":{"disableBodyPruning":true},"request":{"method":"GET","header":[],"url":{"raw":"{{baseUrl}}/api/v1/invoices/1","host":["{{baseUrl}}"],"path":["api","v1","invoices","1"]}},"response":[]},{"name":"Create","id":"fc080bd4-d17e-4bc7-ae01-a6b4d085f4e3","protocolProfileBehavior":{"disableBodyPruning":true},"request":{"method":"POST","header":[],"body":{"mode":"raw","raw":"{\n   \"date\":\"2022-01-01\",\n   \"total\":10,\n   \"customerID\":1\n}","options":{"raw":{"language":"json"}}},"url":{"raw":"{{baseUrl}}/api/v1/invoices","host":["{{baseUrl}}"],"path":["api","v1","invoices"]}},"response":[]},{"name":"Update","id":"c69317a5-eb18-454f-863e-a1e1de9ff40d","protocolProfileBehavior":{"disableBodyPruning":true},"request":{"method":"PUT","header":[],"body":{"mode":"raw","raw":"{\n    \"firstName\":\"MrInvoice\"\n}","options":{"raw":{"language":"json"}}},"url":{"raw":"{{baseUrl}}/api/v1/invoices/1","host":["{{baseUrl}}"],"path":["api","v1","invoices","1"]}},"response":[]},{"name":"Delete","id":"2a0284e3-36e1-4301-b4dd-aca95937676a","protocolProfileBehavior":{"disableBodyPruning":true},"request":{"method":"DELETE","header":[],"url":{"raw":"{{baseUrl}}/api/v1/invoices/4","host":["{{baseUrl}}"],"path":["api","v1","invoices","4"]}},"response":[]}]}