{"info":{"_postman_id":"e14837f6-e195-4a16-941e-94a869c3f826","name":"InvoiceLine","schema":"https://schema.getpostman.com/json/collection/v2.1.0/collection.json"},"item":[{"name":"Get","id":"7d08dab4-c72b-4ba8-8426-9729ca95d2e5","protocolProfileBehavior":{"disableBodyPruning":true},"request":{"method":"GET","header":[],"url":{"raw":"{{baseUrl}}/api/v1/invoice-lines/1","host":["{{baseUrl}}"],"path":["api","v1","invoice-lines","1"]}},"response":[]},{"name":"Create","id":"f678af54-4d0d-40dc-b0f9-00eacbf709ec","protocolProfileBehavior":{"disableBodyPruning":true},"request":{"method":"POST","header":[],"body":{"mode":"raw","raw":"{\n    \"invoiceID\":1,\n    \"productID\":1,\n    \"quantity\":25,\n    \"price\":12\n}","options":{"raw":{"language":"json"}}},"url":{"raw":"{{baseUrl}}/api/v1/invoice-lines","host":["{{baseUrl}}"],"path":["api","v1","invoice-lines"]}},"response":[]},{"name":"Update","id":"2653fa04-bf4c-4be5-a931-d339e61e1b0d","protocolProfileBehavior":{"disableBodyPruning":true},"request":{"method":"PUT","header":[],"url":{"raw":"{{baseUrl}}/api/v1/invoice-lines/1","host":["{{baseUrl}}"],"path":["api","v1","invoice-lines","1"]}},"response":[]},{"name":"Delete","id":"71a58564-e7d1-4495-849b-5820c68fa3c7","protocolProfileBehavior":{"disableBodyPruning":true},"request":{"method":"DELETE","header":[],"url":{"raw":"{{baseUrl}}/api/v1/invoice-lines/5","host":["{{baseUrl}}"],"path":["api","v1","invoice-lines","5"]}},"response":[]}]}